B00YL0EKWE,LG G4 Case Hard Transparent Slim Clear Cover for LG G4
B00XK95RPQ,Selfie Stick Fiblastiq&trade; Extendable Wireless Bluetooth Selfie Stick with built-in Bluetooth Adjustable Phone Holder
B00SXRXUKO,"Tribe AB40 Water Resistant Sports Armband with Key Holder for 4.7-Inch iPhone 6S/6/5/5S/5C, Galaxy S4 + Screen Protector - Dark Pink"
B009V5X1CE,"RAVPower® Element 10400mAh External Battery USB Portable Charger (Dual USB Outputs, Ultra Compact Design), Travel Charger for iPhone 6,iPhone 6 plus,iPhone 5, 5S, 5C, 4S, 4, iPad Air, 4, 3, 2, Mini 2 (Apple adapters not included); Samsung Galaxy S5, S4, S3, S2, Note 3, Note 2; HTC One, EVO, Thunderbolt, Incredible, Droid DNA, Motorola ATRIX, Droid, Moto X, Google Glass, Nexus 4, Nexus 5, Nexus 7,"
B00D93OVF0,"Fosmon Micro USB Value Pack Bundle for Samsung Galaxy Exhilarate - Includes Home / Travel Charger, Car / Vehicle Charger and USB Cable"
B00XVGJMDQ,"iPhone 6 Case, Vofolen Impact Resistant Protective Shell iPhone 6S Wallet Cover Shockproof Rubber Bumper Case Anti-scratches Hard Cover Skin Card Slot Holder for iPhone 6 6S"
B00KQW1X1C,Nokia Lumia 630 RM-978 White Factory Unlocked - International Version No Warranty
B00IP1MQNK,Lumsing 10400mah external battery
B00HVORET8,"iPhone 5S Battery Case - iPhone 5 Battery Case , Maxboost Atomic S [MFI Certified] External Protective Battery Charging Case Power Bank Charger All Versions of Apple iPhone 5/5S [Juice Battery Pack]"
B00HX3G6J6,"HTC One M8 Screen Protector, Skinomi TechSkin Full Coverage Screen Protector for HTC One M8 Clear HD Anti-Bubble Film"
B00U4NATNQ,S6 Case - Bear Motion for Galaxy S6 - Premium Back Cover for Samsung Galaxy S6 - Sand (Black)
B00SZEFDH8,"BLU Studio X, Unlocked Cell Phone"
B00JRJUL9U,"EZOPower 5-Port Usb Car Charger with 3-Feet Extension Cord, 8-Amp, 40-Watts, Black"
B00KQ4T0HE,iPhone 6S Case &iPhone 6 Case Perfect designed 3D Phone cover for i6/6s Cute bulldog Colourful case for iphone6/6s-PC case
B00M0YWKPM,iPhone 6s Plus Case
B00KDZEE68,"zBoost ZB575-A TRIO SOHO Tri Band AT&T 4G Cell Phone Signal Booster, up to 2,500 sq. ft."
B00BJN45GM,OtterBox Defender Series Case for HTC One
B00SA86SXW,"Aduro PowerUP 30W 4-Port (6A Total) PWC-4U Charging Station / USB Travel Wall Charger / USB Desktop Charger for iPhone, iPad, Samsung Galaxy, Nexus, HTC, Motorola, LG and More"
B00Q3I68TU,LilGadgets Connect+ Premium Volume Limited Wired Headphones with SharePort for Children / Kids
B00TN4J1TA,"Anker Aluminum Multi-Angle Universal Phone and Tablet Stand for iPhone, iPad, Samsung Galaxy, HTC, Nexus and More (Silver)"
B00QQTFYAA,"S5 Cable, Galaxy S5 Cable - Charging Sync Cable Cord Wire - Samsung Compatibile Galaxy S5, Note 3 Cable, Note 4 Cables"
B009NLTW60,Kinivo BTC450 Bluetooth Hands-Free Car Kit for Cars with Aux Input Jack (3.5 mm) - Supports AptX
B0113ISNRE,"Amoner Durable-Series 10ft 8 Pin USB Charging Cable Syncing Cord, 3 Piece - White"
B00ZBGVBOC,"BestElec Micro Bundle 3-in-1 Economy Home and Car Charger Kit,?USB AC Universal Power Home Wall Travel Charger Adapter Outlet?+ 4.2Amp Intelligent Dual-Port Rapid USB Car Charger Cigarette Charger?+?High Speed Premium (1M/3Feet) Long Flat Micro USB 2.0 Type A to Micro-B Braided Rope Sync Data Charger Cable Charging Cord"
B010VRQX7K,"Universal Pu Leather Folding Folio Case Cover with Keyboard for Alcatel Onetouch POP 7s , Pixi 7 , POP 8 , POP 7 , T10, Evo 7 , Evo 7 Hd , Tab 8 Hd, Tab 7 , Tab 7 Hd/ Alcatel One Touch Evo 8hd 8 Inch /"
B012QTQPOM,Bluetooth Headphones TOSHENG In-Ear Wireless Hands-free Phone Earphone Sport Earbuds
B00N4OL0RQ,"Waterproof Case, E LV Universal Waterproof Case For Apple 6 5S, 5, 4S Galaxy S6 Edge, S6, S5, S4 S3, HTC One, iPod touch, MP3 Player and many more (Fits other Smartphones up to 5.1'" diagonal) - IPX8 Certified to 100 Feet"
B003K7F82K,Ear Hook Kit Replacement for Bluetooth earhook  COMPATABLE: Lg-hbm 230 Motorola h12 h15 H270 h371 h375 h385 h390 h560 h620 h680 h681 h690 h695 h780 h790 HK100 HK200  & Plantronics 925 975 M100
B00AMPHJOS,Oem Samsung Galaxy Stratosphere 2 II Shell Combo w/Holster & Kickstand I415
B00NMNYJX6,"Minisuit SPORTY Armband + Key Holder for Apple iPhone 6 Plus, 6S Plus (5.5'")"
B00JQI2G5O,Spigen Slim Armor LG G3 Case with Air Cushion Technology and Hybrid Drop Protection for LG G3 2014
B00QN1TCDQ,"iPhone 6 Plus Screen Protector, Maxboost [Tempered Glass] 0.2mm Ballistic Glass Screen Protector Work with iPhone 6 Plus and Protective Case"
B00UIC2SOG,"iPhone 6 Case, MagicMobile® Rugged Dual Durable Armor Case Impact Resistant Shockproof Double Layer Hard Shell with Soft Flexible Black Silicone Skin Cover"
B010U9EV6E,"iClever 2 in 1 Desktop Apple iWatch Bamboo Wood Stand, Compatible For Both 38mm and 42mm Apple Watch and Iphone7,6plus,6, 5s, 5."
B002BBJMO6,Zeimax® 3 Pack of Universal Touch Screen Stylus Pen (Red + Black + Silver)
B00OMFPQXU,MPERO IMPACT X Series Kickstand Case for Nokia Lumia 635
B00NLY1BB4,LANDFOX Dream Catcher Painting Soft TPU Case Cover For iPhone 6 6G 4.7 inch
B00HG2QMQQ,LG G Flex Screen Protectors - EMPIRE
B00VGJ64AO,LG AKA H788 Mobile Phone (White) - International Version No Warranty
B00KVAUEFK,"Xperia Z2 Case, MOTOMO [Black] SONY Xperia Z2 Case Aluminum [Brushed Aluminum] Metal Cover Protective Case - Retail Packaging - Black/Black (61Z2PCIMAC-BK)"
B00WNXY06W,Twinbuys M5 Mini Mobile Card Phone for Basic Back Up Use Kids Gift 2G Micro Sim(White)
B012W7Q8DQ,Luxsure Aluminum Metal Case Underwater Waterproof Shockproof Snowproof Dustproof Durable Full Sealed Protection Case Cover with Fingerprint Recognition Touch ID for Apple iPhone 6/6S(Blue)
B00AFYYRL4,Xtreme Bluetooth Wireless Music Receiver  - Black
B00RZA0EXQ,Garmin 2
B00FKNHEJW,Classy Autos 360 Rotating Polka Dot Leather Folio Case Cover for Apple iPad Mini with Stand
B00OIK33LG,"CamRah iPhone Camera Lens Kit with 3 Universal Lenses, Fisheye Wide Angle and Macro, 2 Lens Clips, Octopus Tripod, storage bag and photo tips"
B00QQW2O14,OREI 2 in 1 USA to India Adapter Plug
B00NKZB5Q0,TUDIA Ultra Slim LITE TPU Bumper Protective Case for Motorola Moto G (2nd Gen 2014 Released ONLY)
B00N1AFY1Q,OtterBox Defender Series for iPhone 6 - Black
B00MAWP68W,Spigen Neo Hybrid Galaxy Note 4 Case with Flexible Inner TPU and Reinforced Hard Bumper Frame for Samsung Galaxy Note 4 2014
